,name,institution,rating_mean,reviews_count,language
0,Machine Learning,Stanford University,4.739922694643843,12677.0,Inglés
1,Indigenous Canada,University of Alberta,4.816438356164384,1460.0,Inglés
2,The Science of Well-Being,Yale University,4.929503597999756,8199.0,Inglés
3,Technical Support Fundamentals,Google,4.76748237245956,12054.0,Inglés
4,Become a CBRS Certified Professional Installer by Google,Google - Spectrum Sharing,4.818181818181818,33.0,Inglés
5,Financial Markets,Yale University,4.811454311454312,3108.0,Inglés
6,Introduction to Psychology,Yale University,4.852736318407961,3015.0,Inglés
7,Programming for Everybody (Getting Started with Python),University of Michigan,4.583672665177985,15226.0,Inglés
8,The Bits and Bytes of Computer Networking,Google,4.628921670475795,4811.0,Inglés
9,AI For Everyone,DeepLearning.AI,4.845112374763065,7384.0,Inglés
10,Crash Course on Python,Google,4.7251624883936865,3231.0,Inglés
11,Psychological First Aid,Johns Hopkins University,4.841421736158578,2925.0,Inglés
12,Neural Networks and Deep Learning,DeepLearning.AI,4.77123332248617,12291.0,Inglés
13,What is Data Science?,IBM,4.622820062187373,7396.0,Inglés
14,Successful Negotiation: Essential Strategies and Skills,University of Michigan,4.805507145346811,2868.0,Inglés
15,Fundamentals of Project Planning and Management,University of Virginia,4.764134275618375,1132.0,Inglés
16,Project Launch,"University of California, Irvine",4.361111111111111,36.0,Inglés
17,"Brand Management: Aligning Business, Brand and Behaviour",London Business School,4.8964252978918426,1091.0,Inglés
18,Writing in the Sciences,Stanford University,4.919129082426127,1286.0,Inglés
19,Stanford Introduction to Food and Health,Stanford University,4.693655589123867,4965.0,Inglés
20,"HTML, CSS, and Javascript for Web Developers",Johns Hopkins University,4.758631512868801,3186.0,Inglés
21,Excel Skills for Business: Essentials,Macquarie University,4.888301477565406,7376.0,Inglés
22,Introduction to Negotiation: A Strategic Playbook for Becoming a Principled and Persuasive Negotiator,Yale University,4.883429672447013,1038.0,Inglés
23,"Everyday Excel, Part 1",University of Colorado Boulder,4.755775577557756,303.0,Inglés
24,Learning How to Learn: Powerful mental tools to help you master tough subjects,University of California San Diego,4.801196192401651,11871.0,Inglés
25,Google Cloud Platform Fundamentals: Core Infrastructure,Google Cloud,4.694018534119629,5933.0,Inglés
26,Viral Marketing and How to Craft Contagious Content,University of Pennsylvania,4.7544128933231,1303.0,Inglés
27,Python Data Structures,University of Michigan,4.849851164419541,11421.0,Inglés
28,Private Equity and Venture Capital,Università Bocconi,4.762250453720508,1102.0,Inglés
29,First Step Korean,Yonsei University,4.869848156182212,5993.0,Inglés
30,"Introduction to TensorFlow for Artificial Intelligence, Machine Learning, and Deep Learning",DeepLearning.AI,4.650616332819722,2595.0,Inglés
31,Operating Systems and You: Becoming a Power User,Google,4.503410641200546,2197.0,Inglés
32,Tools for Data Science,IBM,4.012816072047108,2887.0,Inglés
33,"Improving Deep Neural Networks: Hyperparameter tuning, Regularization and Optimization",DeepLearning.AI,4.801784266017843,6164.0,Inglés
34,Diversity and inclusion in the workplace,ESSEC Business School,4.658333333333333,120.0,Inglés
35,Design and Interpretation of Clinical Trials,Johns Hopkins University,4.736730360934183,471.0,Inglés
36,Visual Elements of User Interface Design,California Institute of the Arts,4.6,760.0,Inglés
37,Management of Fashion and Luxury Companies,Università Bocconi,4.7112970711297075,956.0,Inglés
38,Primeros Auxilios Psicológicos (PAP),Universitat Autònoma de Barcelona,4.870596959584724,2697.0,Español
39,Social Psychology,Wesleyan University,4.83453237410072,1251.0,Inglés
40,Initiating and Planning Projects,"University of California, Irvine",4.714285714285714,2961.0,Inglés
41,Computational Thinking for Problem Solving,University of Pennsylvania,4.625482625482626,259.0,Inglés
42,Agile with Atlassian Jira,Atlassian,4.663421418636996,719.0,Inglés
43,Fundamentals of Graphic Design,California Institute of the Arts,4.779751332149201,2815.0,Inglés
44,Introduction to User Experience Design,Georgia Institute of Technology,4.4774774774774775,777.0,Inglés
45,Introduction to Marketing,University of Pennsylvania,4.746014877789586,1881.0,Inglés
46,Python for Data Science and AI,IBM,4.291478260869566,2874.0,Inglés
47,Marketing Analytics,University of Virginia,4.660468319559229,1452.0,Inglés
48,Natural Language Processing with Classification and Vector Spaces,DeepLearning.AI,4.402439024390244,328.0,Inglés
49,Fundamentals of Quantitative Modeling,University of Pennsylvania,4.537007874015748,1270.0,Inglés
50,How to Manage a Remote Team,GitLab,5.0,5.0,Inglés
51,Mathematics for Machine Learning: Linear Algebra,Imperial College London,4.57273280584297,1643.0,Inglés
52,Introduction to Data Science in Python,University of Michigan,4.234324104234528,4911.0,Inglés
53,Customer Analytics,University of Pennsylvania,4.451518119490696,2042.0,Inglés
54,Introduction to Psychology,University of Toronto,4.8815566835871405,1182.0,Inglés
55,English for Career Development,University of Pennsylvania,4.865221808330511,2953.0,Inglés
56,Global Diplomacy – Diplomacy in the Modern World,University of London,4.639322916666667,768.0,Inglés
57,Game Theory,Stanford University,,,Inglés
58,SQL for Data Science,"University of California, Davis",4.494867639113992,1851.0,Inglés
59,Write Professional Emails in English,Georgia Institute of Technology,4.801294498381877,3089.0,Inglés
60,Medical Neuroscience,Duke University,4.904135338345864,532.0,Inglés
61,System Administration and IT Infrastructure Services,Google,4.657158529895776,1823.0,Inglés
62,International Women's Health and Human Rights,Stanford University,4.884297520661157,242.0,Inglés
63,Child Nutrition and Cooking,Stanford University,4.770538243626063,2118.0,Inglés
64,Understanding the Brain: The Neurobiology of Everyday Life,The University of Chicago,4.897435897435898,507.0,Inglés
65,Introduction to Social Media Marketing,Facebook,4.8125,48.0,Inglés
66,Forensic Accounting and Fraud Examination,West Virginia University,4.701030927835052,873.0,Inglés
67,Clinical Terminology for International and U.S. Students,University of Pittsburgh,4.815461346633416,401.0,Inglés
68,Science of Exercise,University of Colorado Boulder,4.836016096579477,994.0,Inglés
69,Digital Product Management: Modern Fundamentals,University of Virginia,4.727395411605938,741.0,Inglés
70,Data Science Math Skills,Duke University,4.449943117178612,1757.0,Inglés
71,Structuring Machine Learning Projects,DeepLearning.AI,4.7074718526100305,4885.0,Inglés
72,An Introduction to American Law,University of Pennsylvania,4.835374149659864,735.0,Inglés
73,The Strategy of Content Marketing,"University of California, Davis",4.4655172413793105,812.0,Inglés
74,Introduction to Cybersecurity Tools & Cyber Attacks,IBM,4.274461028192372,1206.0,Inglés
75,The Data Scientist’s Toolbox,Johns Hopkins University,4.4799070076386585,6021.0,Inglés
76,Animal Behaviour and Welfare,The University of Edinburgh,4.8075,800.0,Inglés
77,Convolutional Neural Networks in TensorFlow,DeepLearning.AI,4.469640644361834,807.0,Inglés
78,Positive Psychology: Martin E. P. Seligman’s Visionary Science,University of Pennsylvania,4.86144578313253,1328.0,Inglés
79,Introduction to the Biology of Cancer,Johns Hopkins University,4.803427419354839,992.0,Inglés
80,Convolutional Neural Networks,DeepLearning.AI,3.8553750966744005,1293.0,Inglés
81,Using Python to Access Web Data,University of Michigan,4.714109483423284,6484.0,Inglés
82,Introductory Human Physiology,Duke University,4.780250347705146,719.0,Inglés
83,Introduction to Systematic Review and Meta-Analysis,Johns Hopkins University,4.774250440917108,567.0,Inglés
84,Organizational Analysis,Stanford University,,,Inglés
85,Communication Strategies for a Virtual Age,University of Toronto,4.847319347319347,858.0,Inglés
86,Moral Foundations of Politics,Yale University,4.871060171919771,698.0,Inglés
87,Étudier en France: French Intermediate course B1-B2,École Polytechnique,4.845121951219512,820.0,Francés
88,Managing the Company of the Future,London Business School,4.842298288508557,818.0,Inglés
89,Finance for Non-Finance Professionals,Rice University,4.814516129032258,372.0,Inglés
90,Site Reliability Engineering: Measuring and Managing Reliability,Google Cloud,4.163265306122449,147.0,Inglés
91,Autism Spectrum Disorder,"University of California, Davis",4.634854771784233,482.0,Inglés
92,Data Science Methodology,IBM,4.338389731621937,1712.0,Inglés
93,Introduction to Financial Accounting,University of Pennsylvania,4.755240027045301,1479.0,Inglés
94,Marketing in a Digital World,University of Illinois at Urbana-Champaign,4.725449335764522,3839.0,Inglés
95,Wind Energy,Technical University of Denmark (DTU),4.717252396166134,1252.0,Inglés
96,Principles of Sustainable Finance,Erasmus University Rotterdam,4.833333333333333,48.0,Inglés
97,Financial Engineering and Risk Management Part I,Columbia University,4.365196078431373,408.0,Inglés
98,Introduction to Philosophy,The University of Edinburgh,4.698874917273329,1511.0,Inglés
99,Business Metrics for Data-Driven Companies,Duke University,4.5539617486338795,1463.0,Inglés
100,Python Basics,University of Michigan,4.794927853082641,2287.0,Inglés
101,Introduction to Sustainability,University of Illinois at Urbana-Champaign,4.769771528998243,569.0,Inglés
102,Positive Psychiatry and Mental Health,The University of Sydney,4.819012797074954,547.0,Inglés
103,Cryptography I,Stanford University,4.78486646884273,674.0,Inglés
104,Learning to Teach Online,UNSW Sydney (The University of New South Wales),4.786637931034483,928.0,Inglés
105,IT Security: Defense against the digital dark arts,Google,4.763485477178423,1446.0,Inglés
106,Entreprise et changement climatique,ESSEC Business School,5.0,2.0,Francés
107,An Introduction to Consumer Neuroscience & Neuromarketing,Copenhagen Business School,4.648648648648648,518.0,Inglés
108,Gamification,University of Pennsylvania,4.75,672.0,Inglés
109,"Divide and Conquer, Sorting and Searching, and Randomized Algorithms",Stanford University,,,Inglés
110,Contabilidad para no contadores,Universidad Nacional Autónoma de México,4.763168316831683,2525.0,Español
111,Using Python to Interact with the Operating System,Google,4.55049504950495,505.0,Inglés
112,Object-Oriented Data Structures in C++,University of Illinois at Urbana-Champaign,4.608355091383812,383.0,Inglés
113,Google Cloud Platform Big Data and Machine Learning Fundamentals,Google Cloud,4.553171196948021,2096.0,Inglés
114,Databases and SQL for Data Science,IBM,4.38131122833459,1326.0,Inglés
115,Natural Language Processing in TensorFlow,DeepLearning.AI,4.254062038404727,677.0,Inglés
116,"Advanced Valuation and Strategy - M&A, Private Equity, and Venture Capital",Erasmus University Rotterdam,4.572192513368984,187.0,Inglés
117,Natural Language Processing with Probabilistic Models,DeepLearning.AI,4.555555555555555,99.0,Inglés
118,Vital Signs: Understanding What the Body Is Telling Us,University of Pennsylvania,4.826943005181347,965.0,Inglés
119,Understanding Research Methods,University of London,4.579588728103579,1313.0,Inglés
120,IBM Customer Engagement Specialist Professional Certificate,IBM,4.811111111111111,180.0,Inglés
121,Introduction to Calculus,The University of Sydney,4.878402903811252,551.0,Inglés
122,Camino a la Excelencia en Gestión de Proyectos,Pontificia Universidad Católica de Chile,4.564367816091954,1740.0,Español
123,Introduction to HTML5,University of Michigan,3.9888089528377297,1251.0,Inglés
124,Wine Tasting: Sensory Techniques for Wine Analysis,"University of California, Davis",4.490384615384615,104.0,Inglés
125,Excel Skills for Business: Intermediate I,Macquarie University,4.8965360072926165,2194.0,Inglés
126,"Programming Foundations with JavaScript, HTML and CSS",Duke University,4.533483146067415,2225.0,Inglés
127,Build a Modern Computer from First Principles: From Nand to Tetris (Project-Centered Course),Hebrew University of Jerusalem,4.888130968622101,733.0,Inglés
128,Food & Beverage Management,Università Bocconi,4.815384615384615,715.0,Inglés
129,Data Analysis with Python,IBM,4.43194925028835,1734.0,Inglés
130,Project Planning,"University of California, Irvine",4.35,20.0,Inglés
131,Agile Meets Design Thinking,University of Virginia,4.750390015600624,641.0,Inglés
132,AWS Fundamentals: Going Cloud-Native,Amazon Web Services,4.680155210643015,1804.0,Inglés
133,Construction Project Management,Columbia University,4.753846153846154,845.0,Inglés
134,Introduction to Mathematical Thinking,Stanford University,4.786036036036036,444.0,Inglés
135,Everyday Parenting: The ABCs of Child Rearing,Yale University,4.929530201342282,596.0,Inglés
136,Introduction to Healthcare,Stanford University,4.0,6.0,Inglés
137,Machine Learning with Python,IBM,4.492443324937028,1588.0,Inglés
138,Terrorism and Counterterrorism: Comparing Theory and Practice,Universiteit Leiden,4.752508361204013,598.0,Inglés
139,Data Management for Clinical Research,Vanderbilt University,4.73992673992674,273.0,Inglés
140,Sustainable Fashion,Copenhagen Business School,4.841269841269841,126.0,Inglés
141,Foundations of Data Science: K-Means Clustering in Python,University of London,4.6,80.0,Inglés
142,Instructional Design Foundations and Applications,University of Illinois at Urbana-Champaign,3.860215053763441,93.0,Inglés
143,Cursos en línea: modelo para armar,Universidad Nacional Autónoma de México,4.896551724137931,58.0,Español
144,Modern Art & Ideas,The Museum of Modern Art,4.780016792611251,1191.0,Inglés
145,"Speak English Professionally: In Person, Online & On the Phone",Georgia Institute of Technology,4.749771689497717,2190.0,Inglés
146,Essential Google Cloud Infrastructure: Foundation,Google Cloud,4.707152496626181,1480.0,Inglés
147,Introduction to Artificial Intelligence (AI),IBM,4.737288135593221,1298.0,Inglés
148,Dog Emotion and Cognition,Duke University,4.661259541984733,1048.0,Inglés
149,International Leadership and Organizational Behavior,Università Bocconi,4.826086956521739,460.0,Inglés
150,Driving business towards the Sustainable Development Goals,Erasmus University Rotterdam,4.907216494845361,97.0,Inglés
151,"The Sustainable Development Goals – A global, transdisciplinary vision for the future",University of Copenhagen,4.794520547945205,657.0,Inglés
152,Digital Transformation,BCG,4.7994296577946765,1052.0,Inglés
153,Sequence Models,DeepLearning.AI,4.633866481223922,2876.0,Inglés
154,Devenir entrepreneur du changement,HEC Paris,4.745762711864407,177.0,Francés
155,Seeing Through Photographs,The Museum of Modern Art,4.77599142550911,933.0,Inglés
156,Entrepreneurship 1: Developing the Opportunity,University of Pennsylvania,4.77906976744186,688.0,Inglés
157,Introduction to Search Engine Optimization,"University of California, Davis",4.585099939430648,1651.0,Inglés
158,Learn to Speak Korean 1,Yonsei University,4.896234309623431,1195.0,Inglés
159,Circular Economy - Sustainable Materials Management,Delft University of Technology,,,Inglés
160,Drug Development,University of California San Diego,4.520766773162939,313.0,Inglés
161,R Programming,Johns Hopkins University,4.245404868355688,4023.0,Inglés
162,Economics of Money and Banking,Columbia University,4.887719298245614,285.0,Inglés
163,Chinese for Beginners,Peking University,4.796844181459566,3549.0,Inglés
164,Grammar and Punctuation,"University of California, Irvine",4.75310008857396,4515.0,Inglés
165,Japanese for beginners 1,Saint Petersburg State University,3.611111111111111,36.0,Inglés
166,Introduction to English Common Law,University of London,4.8392156862745095,255.0,Inglés
167,Introduction to Dental Medicine,University of Pennsylvania,4.8530805687203795,211.0,Inglés
168,Fundamentals of Reinforcement Learning,Alberta Machine Intelligence Institute,4.689655172413793,377.0,Inglés
169,The Power of Macroeconomics: Economic Principles in the Real World,"University of California, Irvine",4.619047619047619,504.0,Inglés
170,Corporate Sustainability. Understanding and Seizing the Strategic Opportunity,Università Bocconi,4.633333333333334,90.0,Inglés
171,Behavioral Finance,Duke University,4.124386252045826,611.0,Inglés
172,"Sequences, Time Series and Prediction",DeepLearning.AI,4.453815261044177,498.0,Inglés
173,Supply Chain Logistics,Rutgers the State University of New Jersey,4.710656316160903,1417.0,Inglés
174,Project Execution,"University of California, Irvine",3.7222222222222223,18.0,Inglés
175,Nutrición y obesidad: control de sobrepeso,Universidad Nacional Autónoma de México,4.789231779382797,1523.0,Español
176,Microeconomics Principles,University of Illinois at Urbana-Champaign,4.8293333333333335,375.0,Inglés
177,Creative Writing: The Craft of Plot,Wesleyan University,4.648854961832061,1048.0,Inglés
178,Astronomy: Exploring Time and Space,University of Arizona,4.883544303797469,790.0,Inglés
179,Oil & Gas Industry Operations and Markets,Duke University,4.823214285714286,1120.0,Inglés
180,Design Thinking for Innovation,University of Virginia,4.667032364234778,1823.0,Inglés
181,EDIVET: Do you have what it takes to be a veterinarian?,The University of Edinburgh,4.762755102040816,392.0,Inglés
182,Learn to Program: The Fundamentals,University of Toronto,4.734966592427617,1347.0,Inglés
183,Financial Accounting Fundamentals,University of Virginia,4.837772397094431,413.0,Inglés
184,Finding Purpose and Meaning In Life: Living for What Matters Most,University of Michigan,4.795221843003413,293.0,Inglés
185,Understanding Clinical Research: Behind the Statistics,University of Cape Town,4.8317460317460315,630.0,Inglés
186,Epidemiology: The Basic Science of Public Health,The University of North Carolina at Chapel Hill,4.6520710059171595,845.0,Inglés
187,Fashion as Design,The Museum of Modern Art,4.8279773156899815,529.0,Inglés
188,Teamwork Skills: Communicating Effectively in Groups,University of Colorado Boulder,4.772954924874791,596.0,Inglés
189,Feminism and Social Justice,"University of California, Santa Cruz",4.818998716302953,779.0,Inglés
190,International Organizations Management,University of Geneva,4.801418439716312,282.0,Inglés
191,Marketing Digital,Universidade de São Paulo,4.709976798143852,431.0,Inglés
192,Fundamentals of GIS,"University of California, Davis",4.852253756260434,1198.0,Inglés
193,e-Learning Ecologies: Innovative Approaches to Teaching and Learning for the Digital Age,University of Illinois at Urbana-Champaign,4.542168674698795,83.0,Inglés
194,"Excel/VBA for Creative Problem Solving, Part 1",University of Colorado Boulder,4.817808219178082,730.0,Inglés
195,Rethinking International Tax Law,Universiteit Leiden,4.854460093896714,213.0,Inglés
196,Introduction to Probability and Data with R,Duke University,4.599605522682446,1014.0,Inglés
197,Understanding and Visualizing Data with Python,University of Michigan,4.542207792207792,308.0,Inglés
198,Fundamentals of Visualization with Tableau,"University of California, Davis",4.304393305439331,955.0,Inglés
199,Getting Started with SAS Programming,SAS,4.8808777429467085,318.0,Inglés
200,Machine Learning for All,University of London,4.675814751286449,583.0,Inglés
201,Using Databases with Python,University of Michigan,4.7011922503725785,2684.0,Inglés
202,Addiction Treatment: Clinical Skills for Healthcare Providers,Yale University,4.924812030075188,133.0,Inglés
203,Dino 101: Dinosaur Paleobiology,University of Alberta,4.9221476510067115,745.0,Inglés
204,Sports Marketing,Northwestern University,4.699074074074074,216.0,Inglés
205,Positive Psychology,The University of North Carolina at Chapel Hill,4.659316427783903,907.0,Inglés
206,Introduction to Programming with MATLAB,Vanderbilt University,4.811858974358974,3120.0,Inglés
207,Preparing to Manage Human Resources,University of Minnesota,4.835942818243703,1468.0,Inglés
208,Solar Energy Basics,The State University of New York,4.767726161369193,409.0,Inglés
209,Front-End Web UI Frameworks and Tools: Bootstrap 4,The Hong Kong University of Science and Technology,4.813981762917933,1645.0,Inglés
210,Building Scalable Java Microservices with Spring Boot and Spring Cloud,Google Cloud,3.94300518134715,193.0,Inglés
211,Introduction to Forensic Science,"Nanyang Technological University, Singapore",4.84593023255814,344.0,Inglés
212,Google Cloud Product Fundamentals,Google Cloud,4.619565217391305,92.0,Inglés
213,American Contract Law I,Yale University,4.852941176470588,102.0,Inglés
214,Engineering Health: Introduction to Yoga and Physiology,New York University,4.701298701298701,77.0,Inglés
215,AI for Medical Diagnosis,DeepLearning.AI,4.583657587548638,257.0,Inglés
216,Natural Language Processing with Sequence Models,DeepLearning.AI,3.967741935483871,61.0,Inglés
217,Introduction to Electronics,Georgia Institute of Technology,4.671309192200557,359.0,Inglés
218,International Humanitarian Law in Theory and Practice,Universiteit Leiden,4.842931937172775,191.0,Inglés
219,Making Architecture,IE School of Architecture & Design,4.823275862068965,232.0,Inglés
220,Model Thinking,University of Michigan,4.772251308900524,382.0,Inglés
221,Supporting children with difficulties in reading and writing,University of London,4.747282608695652,368.0,Inglés
222,Innovation Management,Erasmus University Rotterdam,4.636075949367089,316.0,Inglés
223,The Manager's Toolkit: A Practical Guide to Managing People at Work,"Birkbeck, University of London",4.6328125,512.0,Inglés
224,"The Modern World, Part One: Global History from 1760 to 1910",University of Virginia,4.815175097276264,514.0,Inglés
225,Fundamentals of Music Theory,The University of Edinburgh,,,Inglés
226,Supply Chain Principles,Georgia Institute of Technology,4.561933534743202,331.0,Inglés
227,Essential Google Cloud Infrastructure: Core Services,Google Cloud,4.650331125827814,755.0,Inglés
228,Weight Management: Beyond Balancing Calories,Emory University,4.73936170212766,188.0,Inglés
229,Miracles of Human Language: An Introduction to Linguistics,Universiteit Leiden,4.666666666666667,483.0,Inglés
230,Java Programming: Solving Problems with Software,Duke University,4.435828877005347,1122.0,Inglés
231,Race and Cultural Diversity in American Life and History,University of Illinois at Urbana-Champaign,4.510204081632653,98.0,Inglés
232,Inspiring and Motivating Individuals,University of Michigan,4.828644501278772,782.0,Inglés
233,"Competencias digitales. Herramientas de ofimática (Microsoft Word, Excel, Power Point)",Universitat Autònoma de Barcelona,4.7855855855855856,1110.0,Español
234,Healing with the Arts,University of Florida,4.716814159292035,226.0,Inglés
235,People Analytics,University of Pennsylvania,4.511758118701008,892.0,Inglés
236,What is Social?,Northwestern University,4.5860517435320585,889.0,Inglés
237,UX Design Fundamentals,California Institute of the Arts,4.767068273092369,249.0,Inglés
238,Creative Thinking: Techniques and Tools for Success,Imperial College London,4.746987951807229,663.0,Inglés
239,Introduction to Classical Music,Yale University,4.909090909090909,792.0,Inglés
240,Children's Human Rights - An Interdisciplinary Introduction,University of Geneva,4.627976190476191,336.0,Inglés
241,Investment Management in an Evolving and Volatile World by HEC Paris and AXA Investment Managers,HEC Paris,4.488188976377953,127.0,Inglés
242,Introduction to Data Analysis Using Excel,Rice University,4.675745784695201,1542.0,Inglés
243,Mind Control: Managing Your Mental Health During COVID-19,University of Toronto,4.818545697131421,1499.0,Inglés
244,Introduction to International Criminal Law,Case Western Reserve University,4.835548172757475,602.0,Inglés
245,"FinTech: Foundations, Payments, and Regulations",University of Pennsylvania,4.57037037037037,270.0,Inglés
246,Greek and Roman Mythology,University of Pennsylvania,4.775743707093821,437.0,Inglés
247,Politics and Economics of International Energy,Sciences Po,4.720125786163522,318.0,Inglés
248,Continuous Delivery & DevOps,University of Virginia,4.548523206751055,237.0,Inglés
249,Teach English Now! Foundational Principles,Arizona State University,4.91411501120239,2678.0,Inglés
250,Business Model Innovation,HEC Paris,4.734939759036145,83.0,Inglés
251,Introduction to User Experience Principles and Processes,University of Michigan,4.7591623036649215,191.0,Inglés
252,Beyond the Sustainable Development Goals (SDGs): Addressing Sustainability and Development,University of Michigan,4.672413793103448,58.0,Inglés
253,Process Mining: Data science in Action,Eindhoven University of Technology,4.68,200.0,Inglés
254,Fundamentals of Immunology: Innate Immunity and B-Cell Function,Rice University,4.758620689655173,203.0,Inglés
255,Introduction to Corporate Finance,University of Pennsylvania,4.437118437118437,819.0,Inglés
256,Global Diplomacy: the United Nations in the World,University of London,4.679310344827586,290.0,Inglés
257,Algorithmic Toolbox,University of California San Diego,4.535564853556485,1912.0,Inglés
258,Troubles du spectre de l'autisme : diagnostic,University of Geneva,4.872340425531915,94.0,Francés
259,Anatomy: Musculoskeletal and Integumentary Systems,University of Michigan,4.808764940239044,251.0,Inglés
260,Unraveling the Cycling City,University of Amsterdam,,,Inglés
261,A Crash Course in Causality:  Inferring Causal Effects from Observational Data,University of Pennsylvania,4.619565217391305,92.0,Inglés
262,English for Business and Entrepreneurship,University of Pennsylvania,4.877737226277373,1096.0,Inglés
263,Natural Language Processing with Attention Models,DeepLearning.AI,3.2857142857142856,21.0,Inglés
264,What is Compliance?,University of Pennsylvania,4.798319327731092,119.0,Inglés
265,Getting Started with Google Sheets,Google Cloud,4.562162162162162,185.0,Inglés
266,Data Visualization with Python,IBM,4.045252883762201,1127.0,Inglés
267,Foundations of Mindfulness,Rice University,4.82051282051282,39.0,Inglés
268,Negociación exitosa: Estrategias y habilidades esenciales (en español),University of Michigan,4.818181818181818,715.0,Español
269,Data-driven Decision Making,PwC,4.5073995771670194,946.0,Inglés
270,Fundamentals of Engineering Exam Review,Georgia Institute of Technology,4.393939393939394,132.0,Inglés
271,Gender and Sexuality: Diversity and Inclusion in the Workplace,University of Pittsburgh,4.650406504065041,123.0,Inglés
272,Managerial Accounting Fundamentals,University of Virginia,4.87012987012987,77.0,Inglés
273,Search Engine Optimization Fundamentals,"University of California, Davis",4.719745222929936,471.0,Inglés
274,Essentials of Global Health,Yale University,4.857651245551601,281.0,Inglés
275,International Security Management,Erasmus University Rotterdam,4.658227848101266,79.0,Inglés
276,Getting Started with AWS Machine Learning,Amazon Web Services,4.413344887348353,1154.0,Inglés
277,Arts and Heritage Management,Università Bocconi,4.793478260869565,184.0,Inglés
278,Understanding Einstein: The Special Theory of Relativity,Stanford University,4.899135446685879,694.0,Inglés
279,Réussir le Changement,ESSEC Business School,4.394009216589862,434.0,Francés
280,Equine Welfare and Management,"University of California, Davis",4.892857142857143,56.0,Francés
281,International migrations: a global issue,Sciences Po,4.316666666666666,60.0,Inglés
282,Introduction to Web Development,"University of California, Davis",4.65335463258786,626.0,Inglés
283,Writing and Editing: Word Choice and Word Order,University of Michigan,4.742857142857143,105.0,Inglés
284,Introduction to the Digital Advertising Landscape,University of Colorado Boulder,4.488888888888889,45.0,Inglés
285,Access Controls,(ISC)²,4.466666666666667,45.0,Inglés
286,Engineering Project Management: Initiating and Planning,Rice University,4.764331210191083,471.0,Inglés
287,Kotlin for Java Developers,JetBrains,4.557632398753894,321.0,Inglés
288,Mathematics for Machine Learning: Multivariate Calculus,Imperial College London,4.642241379310345,696.0,Inglés
289,Introduction to Git and GitHub,Google,4.791848617176128,687.0,Inglés
290,Industrial Biotechnology,University of Manchester   ,4.587743732590529,359.0,Inglés
291,The Addicted Brain,Emory University,4.5479452054794525,438.0,Inglés
292,Introducción a la programación en Python I: Aprendiendo a programar con Python,Pontificia Universidad Católica de Chile,4.205154639175258,970.0,Español
293,Modernizing Data Lakes and Data Warehouses with GCP,Google Cloud,4.604444444444445,225.0,Inglés
294,Drug Discovery,University of California San Diego,4.580310880829016,386.0,Inglés
295,Nutrition and Lifestyle in Pregnancy,Ludwig-Maximilians-Universität München (LMU),4.763440860215054,465.0,Inglés
296,Financial Acumen for Non-Financial Managers,University of Pennsylvania,4.252336448598131,107.0,Inglés
297,Python and Statistics for Financial Analysis,The Hong Kong University of Science and Technology,4.270022883295194,437.0,Inglés
298,Bugs 101: Insect-Human Interactions,University of Alberta,4.962962962962963,297.0,Inglés
299,Autodesk Certified Professional: Revit for Architectural Design Exam Prep,Autodesk,4.672897196261682,107.0,Inglés
300,"Leading for Equity, Diversity and Inclusion in Higher Education",University of Michigan,4.7105263157894735,38.0,Inglés
301,Digital Media and Marketing Strategies,University of Illinois at Urbana-Champaign,,,Inglés
302,Enterprise Architecture,Peter the Great St. Petersburg Polytechnic University,4.545454545454546,33.0,Inglés
303,Introduction to Spreadsheets and Models,University of Pennsylvania,3.6188811188811187,572.0,Inglés
304,The Arts and Science of Relationships: Understanding Human Needs,University of Toronto,4.431095406360424,283.0,Inglés
305,Essentials in Clinical Simulations Across the Health Professions,The George Washington University,4.8164556962025316,158.0,Inglés
306,Budgeting and Scheduling Projects,"University of California, Irvine",4.7305524239007894,886.0,Inglés
307,Machine Learning for Business Professionals,Google Cloud,4.574370709382151,874.0,Inglés
308,Introduction to Accounting Data Analytics and Visualization,University of Illinois at Urbana-Champaign,4.883720930232558,43.0,Inglés
309,Spanish Vocabulary: Meeting People,"University of California, Davis",4.518828451882845,478.0,Inglés
310,Gestión Empresarial Exitosa para Pymes,Pontificia Universidad Católica de Chile,4.8560090702947845,1764.0,Español
311,Public Policy Challenges of the 21st Century,University of Virginia,4.5661764705882355,272.0,Inglés
312,International Law in Action: the Arbitration of International Disputes,Universiteit Leiden,4.852941176470588,102.0,Inglés
313,Introduction to Ancient Egypt and Its Civilization,University of Pennsylvania,4.616487455197133,558.0,Inglés
314,Financing and Investing in Infrastructure,Università Bocconi,4.842696629213483,356.0,Inglés
315,Global Environmental Management,Technical University of Denmark (DTU),4.657243816254417,283.0,Inglés
316,Operations Analytics,University of Pennsylvania,4.660240963855422,830.0,Inglés
317,Entrepreneurship Strategy: From Ideation to Exit,HEC Paris,1.0,6.0,Inglés
318,FinTech Law and Policy,Duke University,4.825688073394495,109.0,Inglés
319,The Social Context of Mental Health and Illness,University of Toronto,4.614457831325301,83.0,Inglés
320,What Is Contemporary Art?,The Museum of Modern Art,4.7534246575342465,292.0,Inglés
321,The Art of Music Production,Berklee College of Music,4.82830626450116,430.0,Inglés
322,Biohacking Your Brain's Health,Emory University,4.70042194092827,237.0,Inglés
323,Bayesian Statistics: From Concept to Data Analysis,"University of California, Santa Cruz",4.4484375,640.0,Inglés
324,Reporting extra-financier et stratégie RSE,ESSEC Business School,4.6415094339622645,53.0,Francés
325,Leading Healthcare Quality and Safety,The George Washington University,4.78494623655914,186.0,Inglés
326,Understanding International Relations Theory,National Research University Higher School of Economics,4.59433962264151,106.0,Inglés
327,Introduction to Data Analytics,IBM,4.777777777777778,18.0,Inglés
328,Fundamentos de Excel para Negocios,Universidad Austral,4.8064,1250.0,Español
329,Elastic Google Cloud Infrastructure: Scaling and Automation,Google Cloud,4.581430745814307,657.0,Inglés
330,Cultural Competence - Aboriginal Sydney,The University of Sydney,4.75,44.0,Inglés
331,Fundamentos de Finanzas Empresariales,Universidad de los Andes,4.898058252427185,1442.0,Español
332,Greening the Economy: Sustainable Cities,Lund University,4.59463986599665,597.0,Inglés
333,Introduction to Engineering Mechanics,Georgia Institute of Technology,4.764383561643836,730.0,Inglés
334,Design-Led Strategy: Design thinking for business strategy and entrepreneurship,The University of Sydney,4.622222222222222,135.0,Inglés
335,Biology Meets Programming: Bioinformatics for Beginners,University of California San Diego,4.061889250814332,307.0,Inglés
336,Understanding Medical Research: Your Facebook Friend is Wrong,Yale University,4.925093632958801,267.0,Inglés
337,Health Behavior Change: From Evidence to Action,Yale University,4.925925925925926,27.0,Inglés
338,Ordered Data Structures,University of Illinois at Urbana-Champaign,4.670103092783505,97.0,Inglés
339,Mindshift: Break Through Obstacles to Learning and Discover Your Hidden Potential,McMaster University,4.842684268426843,2727.0,Inglés
340,Programming Fundamentals,Duke University,4.643485211830535,1251.0,Inglés
341,Understanding Financial Markets,University of Geneva,4.703271028037383,856.0,Inglés
342,In the Studio: Postwar Abstract Painting,The Museum of Modern Art,4.921739130434783,460.0,Inglés
343,Drug Commercialization,University of California San Diego,4.6092715231788075,151.0,Inglés
344,Introduction to Software Product Management,University of Alberta,4.548746518105849,1076.0,Inglés
345,"Social Norms, Social Change I",Unicef,4.6061381074168795,391.0,Inglés
346,Excel Skills for Business: Intermediate II,Macquarie University,4.731417244796829,1009.0,Inglés
347,Aboriginal Worldviews and Education,University of Toronto,4.552238805970149,67.0,Inglés
348,"Information Systems Auditing, Controls and Assurance",The Hong Kong University of Science and Technology,4.700440528634362,227.0,Inglés
349,Six Sigma Principles,University System of Georgia,4.529531568228106,980.0,Inglés
350,Business Writing,University of Colorado Boulder,4.818742293464858,811.0,Inglés
351,Autodesk Certified Professional: AutoCAD for Design and Drafting Exam Prep,Autodesk,4.728971962616822,321.0,Inglés
352,Introduction to Typography,California Institute of the Arts,4.762962962962963,810.0,Inglés
353,Customer Segmentation and Prospecting,Northwestern University,4.722222222222222,162.0,Inglés
354,Claves para Gestionar Personas,IESE Business School,4.84984520123839,646.0,Español
355,English for Journalism,University of Pennsylvania,4.819536423841059,603.0,Inglés
356,How Things Work: An Introduction to Physics,University of Virginia,4.808064516129032,620.0,Inglés
357,Business English: Networking,University of Washington,4.801047120418848,573.0,Inglés
358,Summary Statistics in Public Health,Johns Hopkins University,4.793991416309013,233.0,Inglés
359,The Changing Global Order,Universiteit Leiden,,,Inglés
360,Global Energy and Climate Policy,University of London,4.621359223300971,103.0,Inglés
361,El Abogado del Futuro: Legaltech y la Transformación Digital del Derecho,Universidad Austral,4.968,125.0,Español
362,Probability and Statistics: To p or not to p?,University of London,4.669642857142857,336.0,Inglés
363,Gut Check: Exploring Your Microbiome,University of Colorado Boulder,4.7370517928286855,251.0,Inglés
364,Econometrics: Methods and Applications,Erasmus University Rotterdam,4.465,200.0,Inglés
365,Разработка веб-сервисов на Go - основы языка,Moscow Institute of Physics and Technology,4.691489361702128,94.0,Ruso
366,Mastering Data Analysis in Excel,Duke University,3.71267252195734,797.0,Inglés
367,Basic Statistics,University of Amsterdam,4.589435774309724,833.0,Inglés
368,"Capstone: Retrieving, Processing, and Visualizing Data with Python",University of Michigan,4.508108108108108,1295.0,Inglés
369,Design Thinking for the Greater Good: Innovation in the Social Sector,University of Virginia,4.583333333333333,84.0,Inglés
370,Introduction to Portfolio Construction and Analysis with Python,EDHEC Business School,4.769230769230769,195.0,Inglés
371,Data Analytics for Lean Six Sigma,University of Amsterdam,4.87481590574374,679.0,Inglés
372,Refugees in the 21st Century,University of London,4.816666666666666,60.0,Inglés
373,Building Containerized Applications on AWS,Amazon Web Services,4.318181818181818,44.0,Inglés
374,Business Transformation with Google Cloud,Google Cloud,4.718232044198895,181.0,Inglés
375,Version Control with Git,Atlassian,4.747323340471092,467.0,Inglés
376,"Transmedia Storytelling: Narrative worlds, emerging technologies, and global audiences",UNSW Sydney (The University of New South Wales),4.715976331360947,169.0,Inglés
377,Excel aplicado a los negocios (Nivel Avanzado),Universidad Austral,4.719626168224299,642.0,Español
378,Introduction to Public Speaking,University of Washington,4.812807881773399,406.0,Inglés
379,Building Conversational Experiences with Dialogflow,Google Cloud,4.2314410480349345,229.0,Inglés
380,Guitar for Beginners,Berklee College of Music,4.726591760299626,534.0,Inglés
381,Managing Project Risks and Changes,"University of California, Irvine",4.774352651048089,811.0,Inglés
382,L'excellence opérationnelle en pratique,ESSEC Business School,4.73469387755102,98.0,Francés
383,Introduction to Cloud Computing,IBM,4.819277108433735,83.0,Inglés
384,Sample-based Learning Methods,Alberta Machine Intelligence Institute,4.449664429530201,149.0,Inglés
385,Functional Programming Principles in Scala,École Polytechnique Fédérale de Lausanne,4.719163763066202,1434.0,Inglés
386,Introduction to Blockchain Technologies,INSEAD,4.711920529801325,302.0,Inglés
387,Introduction to Environmental Law and Policy,The University of North Carolina at Chapel Hill,4.871892925430211,523.0,Inglés
388,"Cameras, Exposure, and Photography",Michigan State University,4.727357609710551,1071.0,Inglés
389,Democracia y decisiones públicas. Introducción al análisis de políticas públicas,Universitat Autònoma de Barcelona,4.860091743119266,436.0,Español
390,Dentistry 101,University of Michigan,4.84375,32.0,Inglés
391,"Python Functions, Files, and Dictionaries",University of Michigan,4.805607476635514,535.0,Inglés
392,Anticorrupción: Introducción a conceptos y perspectiva práctica,Universidad Nacional Autónoma de México,4.851948051948052,385.0,Español
393,Positive Psychology: Applications and Interventions,University of Pennsylvania,4.741206030150754,398.0,Inglés
394,Introduction to Embedded Systems Software and Development Environments,University of Colorado Boulder,4.275229357798165,109.0,Inglés
395,Personal & Family Financial Planning,University of Florida,4.605263157894737,380.0,Inglés
396,A Law Student's Toolkit,Yale University,4.680412371134021,291.0,Inglés
397,Introducción a Data Science: Programación Estadística con R,Universidad Nacional Autónoma de México,4.732971165900543,2393.0,Español
398,"Cybersecurity Roles, Processes & Operating System Security",IBM,4.406976744186046,344.0,Inglés
399,Computational Neuroscience,University of Washington,4.53932584269663,178.0,Inglés
400,De-Mystifying Mindfulness,Universiteit Leiden,,,Inglés
401,Smart Cities – Management of Smart Urban Infrastructures,École Polytechnique Fédérale de Lausanne,4.594594594594595,222.0,Inglés
402,Getting Started with Go,"University of California, Irvine",4.404458598726115,314.0,Inglés
403,Introduction to Economic Theories,Erasmus University Rotterdam,4.136363636363637,44.0,Inglés
404,Probabilistic Graphical Models 1: Representation,Stanford University,,,Inglés
405,The Power of Microeconomics: Economic Principles in the Real World,"University of California, Irvine",4.62962962962963,270.0,Inglés
406,Introduction to Personal Branding,University of Virginia,4.447368421052632,1976.0,Inglés
407,Love as a Force for Social Justice,Stanford University,4.712328767123288,73.0,Inglés
408,Mathematical Thinking in Computer Science,University of California San Diego,4.246458923512748,353.0,Inglés
409,Introduction to Genetics and Evolution,Duke University,4.840304182509506,263.0,Inglés
410,Основы программирования на Python,National Research University Higher School of Economics,4.293893129770993,524.0,Ruso
411,Improving Communication Skills,University of Pennsylvania,4.7,359.0,Inglés
412,"Introduction to Trading, Machine Learning & GCP",New York Institute of Finance,3.463768115942029,138.0,Inglés
413,Python Programming: A Concise Introduction,Wesleyan University,4.661498708010336,1161.0,Inglés
414,"The Modern World, Part Two: Global History since 1910",University of Virginia,4.793103448275862,290.0,Inglés
415,Understanding Plants - Part I: What a Plant Knows,Tel Aviv University,4.825958702064897,339.0,Inglés
416,Excel Fundamentals for Data Analysis,Macquarie University,4.587628865979381,97.0,Inglés
417,Finanzas personales,Universidad Nacional Autónoma de México,4.803474903474903,2590.0,Español
418,English Composition I,Duke University,4.569832402234637,179.0,Inglés
419,Career 911: Your Future Job in Medicine and Healthcare,Northwestern University,4.2727272727272725,11.0,Inglés
420,Introduction to Self-Driving Cars,University of Toronto,4.647590361445783,332.0,Inglés
421,Corporate & Commercial Law I: Contracts & Employment Law,University of Illinois at Urbana-Champaign,4.842592592592593,108.0,Inglés
422,Blockchain Basics,University at Buffalo,4.503150315031503,1111.0,Inglés
423,Foundations of Business Strategy,University of Virginia,4.795154185022026,454.0,Inglés
424,Introdução à Ciência da Computação com Python Parte 1,Universidade de São Paulo,4.86892177589852,1419.0,Portugués
425,Stochastic processes,National Research University Higher School of Economics,4.168674698795181,83.0,Inglés
426,Foundations for Big Data Analysis with SQL,Cloudera,4.8152866242038215,157.0,Inglés
427,"Innovation Through Design: Think, Make, Break, Repeat",The University of Sydney,4.757894736842105,95.0,Inglés
428,Perfect Tenses and Modals,"University of California, Irvine",4.807162534435261,726.0,Inglés
429,Getting Started with Azure,LearnQuest,4.285714285714286,62.0,Inglés
430,Moralities of Everyday Life,Yale University,4.840909090909091,572.0,Inglés
431,Revisão Sistemática e Meta-análise,Universidade Estadual de Campinas,4.9211087420042645,469.0,Portugués
432,Understanding child development: from synapse to society,Utrecht University,4.636363636363637,44.0,Inglés
433,Introduction to G Suite,Google Cloud,4.619596541786744,347.0,Inglés
434,Aprendiendo a aprender: Poderosas herramientas mentales con las que podrás dominar temas difíciles (Learning How to Learn),University of California San Diego,4.919417475728156,3090.0,Español
435,Building Batch Data Pipelines on GCP,Google Cloud,4.255813953488372,129.0,Inglés
436,Financial Planning for Young Adults,University of Illinois at Urbana-Champaign,4.414634146341464,82.0,Inglés
437,Quantitative Methods,University of Amsterdam,4.7132743362831855,565.0,Inglés
438,"Introduction to Self-Determination Theory: An approach to motivation, development and wellness",University of Rochester,4.921052631578948,76.0,Inglés
439,The Technology of Music Production,Berklee College of Music,4.851063829787234,235.0,Inglés
440,Code Yourself! An Introduction to Programming,The University of Edinburgh,4.800595238095238,672.0,Inglés
441,Success,University of Pennsylvania,4.902985074626866,268.0,Inglés
442,Chemicals and Health,Johns Hopkins University,4.790816326530612,196.0,Inglés
443,Improving your statistical inferences,Eindhoven University of Technology,4.887179487179488,195.0,Inglés
444,Fundamentals of Finance,University of Pennsylvania,3.888888888888889,9.0,Inglés
445,How Google does Machine Learning,Google Cloud,4.487019730010384,963.0,Inglés
446,Object-Oriented Design,University of Alberta,4.542553191489362,282.0,Inglés
447,Introduction to Intellectual Property,University of Pennsylvania,4.753086419753086,81.0,Inglés
448,Cost and Economics in Pricing Strategy,BCG,4.810344827586207,116.0,Inglés
449,Write A Feature Length Screenplay For Film Or Television,Michigan State University,4.625,32.0,Inglés
450,Marketing Gerencial,Universidad de Chile,4.722745625841184,743.0,Inglés
451,Corporate Finance Essentials,IESE Business School,4.855652173913043,575.0,Inglés
452,Information Security: Context and Introduction,"Royal Holloway, University of London",4.65406976744186,344.0,Inglés
453,"Anatomy of the Chest, Abdomen, and Pelvis",Yale University,4.802631578947368,228.0,Inglés
454,Introduction to CSS3,University of Michigan,4.790759075907591,1515.0,Inglés
455,Applied Data Science Capstone,IBM,4.509466437177281,581.0,Inglés
456,Introduction aux Droits de l’Homme,University of Geneva,4.858173076923077,416.0,Francés
457,"Programming Languages, Part A",University of Washington,4.918575063613232,393.0,Inglés
458,Big History: Connecting Knowledge,Macquarie University,4.786096256684492,374.0,Inglés
459,Leadership in 21st Century Organizations,Copenhagen Business School,4.745762711864407,236.0,Inglés
460,Software Processes and Agile Practices,University of Alberta,4.6747352496217855,661.0,Inglés
461,DevOps Culture and Mindset,"University of California, Davis",4.8108108108108105,74.0,Inglés
462,Introduction to Statistics & Data Analysis in Public Health,Imperial College London,4.67515923566879,157.0,Inglés
463,Discrete Optimization,The University of Melbourne,4.833333333333333,120.0,Inglés
464,Основы разработки на C++: белый пояс,Moscow Institute of Physics and Technology,4.729651162790698,344.0,Ruso
465,COVID-19 Contact Tracing For Nursing Professionals,University of Houston,4.428571428571429,7.0,Inglés
466,High Stakes Leadership: Leading in Times of Crisis,University of Michigan,4.777777777777778,27.0,Inglés
467,Essential Epidemiologic Tools for Public Health Practice,Johns Hopkins University,4.635371179039302,458.0,Inglés
468,Epigenetic Control of Gene Expression,The University of Melbourne,1.0,6.0,Inglés
469,"Recruiting, Hiring, and Onboarding Employees",University of Minnesota,3.84375,191.0,Inglés
470,AWS Fundamentals: Addressing Security Risk,Amazon Web Services,4.162698412698413,252.0,Inglés
471,Ancient Philosophy: Plato & His Predecessors,University of Pennsylvania,4.052631578947368,76.0,Inglés
472,Becoming a changemaker: Introduction to Social Innovation,University of Cape Town,4.241379310344827,58.0,Inglés
473,Spanish for Successful Communication in Healthcare Settings,Rice University,4.0,6.0,Inglés
474,Leading transformations: Manage change,Macquarie University,4.3090909090909095,55.0,Inglés
475,Introduction to Systems Engineering,UNSW Sydney (The University of New South Wales),4.7317073170731705,82.0,Inglés
476,Digital Marketing Analytics in Theory,University of Illinois at Urbana-Champaign,,,Inglés
477,Data Visualization and Communication with Tableau,Duke University,,,Inglés
478,Bayesian Statistics: Techniques and Models,"University of California, Santa Cruz",4.757009345794392,107.0,Inglés
479,Human Rights for Open Societies,Utrecht University,4.767123287671233,73.0,Inglés
480,Introduction to Computers and Office Productivity Software,The Hong Kong University of Science and Technology,4.6,35.0,Inglés
481,The Introduction to Quantum Computing,Saint Petersburg State University,3.2045454545454546,44.0,Inglés
482,Intercultural Management,ESCP Business School,4.444444444444445,63.0,Inglés
483,Get Interactive: Practical Teaching with Technology,University of London,4.780898876404494,178.0,Inglés
484,International Law In Action: Investigating and Prosecuting International Crimes,Universiteit Leiden,,,Inglés
485,Global Financial Markets and Instruments,Rice University,4.307984790874524,262.0,Inglés
486,Write Your First Novel,Michigan State University,3.85,20.0,Inglés
487,Développement psychologique de l'enfant,University of Geneva,4.91588785046729,107.0,Francés
488,Songwriting: Writing the Lyrics,Berklee College of Music,4.75,176.0,Inglés
489,"Applied Plotting, Charting & Data Representation in Python",University of Michigan,4.339160839160839,858.0,Inglés
490,Systems Thinking In Public Health,Johns Hopkins University,4.513888888888889,144.0,Inglés
491,Excel Skills for Business: Advanced,Macquarie University,4.6825,800.0,Inglés
492,Introduction to Neuroeconomics: How the Brain Makes Decisions,National Research University Higher School of Economics,4.612903225806452,279.0,Inglés
493,Community Organizing for Social Justice,University of Michigan,4.53125,32.0,Inglés
494,Build a Modern Computer from First Principles: Nand to Tetris Part II (project-centered course),Hebrew University of Jerusalem,4.956989247311828,93.0,Inglés
495,The Global Financial Crisis,Yale University,4.8557457212713935,409.0,Inglés
496,Agile и Scrum в работе над проектами и продуктами,E-Learning Development Fund,4.7272727272727275,44.0,Ruso
497,Renewable Energy and Green Building Entrepreneurship,Duke University,4.714652956298201,388.0,Inglés
498,The Cycle: Management of Successful Arts and Cultural Organizations,"University of Maryland, College Park",4.861111111111111,108.0,Inglés
499,Privacy Law and Data Protection,University of Pennsylvania,4.78125,64.0,Inglés
500,Building Modern Python Applications on AWS,Amazon Web Services,5.0,1.0,Inglés
501,Digital Business Models,Lund University,4.495412844036697,109.0,Inglés
502,"Everyday Excel, Part 2",University of Colorado Boulder,4.95,40.0,Inglés
503,Reliable Google Cloud Infrastructure: Design and Process,Google Cloud,4.653916211293261,549.0,Inglés
504,Introduction to Computer Programming,University of London,3.920289855072464,138.0,Inglés
505,"Big Data Essentials: HDFS, MapReduce and Spark RDD",Yandex,3.484126984126984,126.0,Inglés
506,Dermatology: Trip to skin,Novosibirsk State University ,4.077922077922078,77.0,Inglés
507,Sustainable Tourism – promoting environmental public health,University of Copenhagen,4.5041322314049586,242.0,Inglés
508,Population Health During A Pandemic: Contact Tracing and Beyond,University of Houston,4.796610169491525,118.0,Inglés
509,Social Impact Strategy: Tools for Entrepreneurs and Innovators,University of Pennsylvania,4.855263157894737,228.0,Inglés
510,C for Everyone: Programming Fundamentals,"University of California, Santa Cruz",4.546318289786223,842.0,Inglés
511,Introduction to Structured Query Language (SQL),University of Michigan,4.739130434782608,713.0,Inglés
512,Social and Economic Networks:  Models and Analysis,Stanford University,1.0,6.0,Inglés
513,The Truth About Cats and Dogs,The University of Edinburgh,4.769953051643192,426.0,Inglés
514,Sports and Society,Duke University,4.87962962962963,216.0,Inglés
515,Fundamentals of Scalable Data Science,IBM,4.0,355.0,Inglés
516,Effective Compliance Programs,University of Pennsylvania,4.90566037735849,53.0,Inglés
517,Transformation of the Global Food System,University of Copenhagen,4.830985915492958,71.0,Inglés
518,Web Application Technologies and Django,University of Michigan,4.628787878787879,132.0,Inglés
519,Curanderismo: Traditional Healing Using Plants,University of New Mexico,1.0,6.0,Inglés
520,Applied Machine Learning in Python,University of Michigan,4.488471391972673,1171.0,Inglés
521,Troubleshooting and Debugging Techniques,Google,4.189944134078212,179.0,Inglés
522,Introduction to C# Programming and Unity,University of Colorado System,4.672544080604534,397.0,Inglés
523,"Corrección, estilo y  variaciones de la lengua española",Universitat Autònoma de Barcelona,4.736413043478261,368.0,Español
524,Les Fondamentaux de la Négociation,ESSEC Business School,4.863013698630137,73.0,Francés
525,Introduction to Clinical Data,Stanford University,,,Inglés
526,The Science of Success: What Researchers Know that You Should Know,University of Michigan,4.848101265822785,553.0,Inglés
527,Finance for Non-Financial Managers,Emory University,4.130434782608695,69.0,Inglés
528,Getting Started With Music Theory,Michigan State University,4.263736263736264,182.0,Inglés
529,Digital Marketing Analytics in Practice,University of Illinois at Urbana-Champaign,,,Inglés
530,The Horse Course: Introduction to Basic Care and Management,University of Florida,4.907407407407407,270.0,Inglés
531,Verb Tenses and Passives,"University of California, Irvine",4.736363636363636,330.0,Inglés
532,Gestión de organizaciones efectivas,Pontificia Universidad Católica de Chile,4.7560975609756095,615.0,Español
533,Introduction to Big Data,University of California San Diego,4.567393458870169,2018.0,Inglés
534,Rédaction de contrats,University of Geneva,4.843971631205674,141.0,Francés
535,Philosophy and the Sciences: Introduction to the Philosophy of Cognitive Sciences,The University of Edinburgh,4.552511415525114,219.0,Inglés
536,Schizophrenia,Wesleyan University,4.7040358744394615,223.0,Inglés
537,Ecology: Ecosystem Dynamics and Conservation,Howard Hughes Medical Institute ,4.852362204724409,508.0,Inglés
538,Introduction to Game Development,Michigan State University,4.751980982567353,1262.0,Inglés
539,Practical Time Series Analysis,The State University of New York,4.461290322580645,310.0,Inglés
540,VLSI CAD Part I: Logic,University of Illinois at Urbana-Champaign,4.723684210526316,76.0,Inglés
541,Getting Started with Google Kubernetes Engine,Google Cloud,4.245696400625978,639.0,Inglés
542,Exploring ​and ​Preparing ​your ​Data with BigQuery,Google Cloud,4.4573170731707314,328.0,Inglés
543,Six Sigma and the Organization (Advanced),University System of Georgia,4.711822660098522,406.0,Inglés
544,Social Work Practice: Advocating Social Justice and Change,University of Michigan,4.8,5.0,Inglés
545,Introduction to Machine Learning,Duke University,4.655813953488372,215.0,Inglés
546,Entrepreneurship 2: Launching your Start-Up,University of Pennsylvania,4.778761061946903,226.0,Inglés
547,Nanotechnology: A Maker’s Course,Duke University,4.84,450.0,Inglés
548,Creative Problem Solving,University of Minnesota,4.456140350877193,513.0,Inglés
549,"Sleep: Neurobiology, Medicine, and Society",University of Michigan,4.694444444444445,72.0,Inglés
550,COVID-19: What You Need to Know (CME Eligible),Osmosis,4.838901262063845,1347.0,Inglés
551,Classical Sociological Theory,University of Amsterdam,4.867961165048544,515.0,Inglés
552,Electric Industry Operations and Markets,Duke University,4.682926829268292,164.0,Inglés
553,Preparing for the Google Cloud Professional Cloud Architect Exam,Google Cloud,4.443037974683544,158.0,Inglés
554,Effective Business Presentations with Powerpoint,PwC,4.575949367088608,158.0,Inglés
555,More Introduction to Financial Accounting,University of Pennsylvania,4.810526315789474,95.0,Inglés
556,Cryptocurrency and Blockchain: An Introduction to Digital Currencies,University of Pennsylvania,4.484615384615385,130.0,Inglés
557,Dairy Production and Management,The Pennsylvania State University,,,Inglés
558,Think Again I: How to Understand Arguments,Duke University,4.5969125214408235,583.0,Inglés
559,Developing Your Musicianship,Berklee College of Music,4.84789644012945,309.0,Inglés
560,Introduction to Operations Management,University of Pennsylvania,4.297008547008547,468.0,Inglés
561,The Oral Cavity: Portal to Health and Disease,University of Pennsylvania,4.923913043478261,92.0,Inglés
562,Preparing for the Google Cloud Associate Cloud Engineer Exam,Google Cloud,4.53784860557769,251.0,Inglés
563,Fundamental Neuroscience for Neuroimaging,Johns Hopkins University,4.639498432601881,319.0,Francés
564,European Business Law: Understanding the Fundamentals,Lund University,4.709219858156028,141.0,Inglés
565,Teach English Now! Teaching Language Online,Arizona State University,4.544303797468355,79.0,Inglés
566,Front-End Web Development with React,The Hong Kong University of Science and Technology,4.602787456445993,574.0,Inglés
567,Music Business Foundations,Berklee College of Music,4.856209150326797,459.0,Inglés
568,Introduction to Business Analytics: Communicating with Data,University of Illinois at Urbana-Champaign,4.563106796116505,103.0,Inglés
569,Security & Safety Challenges in a Globalized World,Universiteit Leiden,,,Inglés
570,Machine Learning Foundations: A Case Study Approach,University of Washington,4.487741456166419,2692.0,Inglés
571,Accounting Analytics,University of Pennsylvania,4.395299145299146,468.0,Inglés
572,Strategic Business Management - Microeconomics,"University of California, Irvine",4.75,28.0,Inglés
573,"Epidemics, Pandemics and Outbreaks",University of Pittsburgh,4.737179487179487,468.0,Inglés
574,Roman Architecture,Yale University,4.850393700787402,127.0,Inglés
575,Research Data Management and Sharing,The University of Edinburgh,4.6875,128.0,Inglés
576,Introduction to Genomic Technologies,Johns Hopkins University,4.477894736842106,475.0,Inglés
577,Strategic Management,Copenhagen Business School,4.785333333333333,750.0,Inglés
578,Cybersecurity Compliance Framework & System Administration,IBM,4.511363636363637,176.0,Inglés
579,Legal Tech & Startups,IE Business School,4.386363636363637,44.0,Inglés
580,Introduction to Chemistry:  Reactions and Ratios,Duke University,4.825842696629214,178.0,Inglés
581,The Science of Stem Cells,American Museum of Natural History,4.734177215189874,316.0,Inglés
582,The Business of Product Management I,Advancing Women in Product,4.6,5.0,Inglés
583,Positive Psychology: Resilience Skills,University of Pennsylvania,4.886409736308316,493.0,Inglés
584,AI for Medical Prognosis,DeepLearning.AI,4.747126436781609,87.0,Inglés
585,Antibiotic Stewardship,Stanford University,4.1891891891891895,37.0,Inglés
586,UX / UI: Fundamentos para o design de interface,Universidade de São Paulo,4.341269841269841,126.0,Portugués
587,EMT Foundations,University of Colorado System,4.844262295081967,122.0,Inglés
588,Industrial IoT on Google Cloud Platform,Google Cloud,4.5316239316239315,585.0,Inglés
589,"Penetration Testing, Incident Response and Forensics",IBM,4.435294117647059,85.0,Inglés
590,Database Management Essentials,University of Colorado System,4.479629629629629,540.0,Inglés
591,Advertising and Society,Duke University,4.805369127516778,149.0,Inglés
592,Everyday Chinese Medicine,The Chinese University of Hong Kong,4.709302325581396,172.0,Inglés
593,Fundamentals of Machine Learning for Healthcare,Stanford University,4.9,10.0,Inglés
594,New Approaches to Countering Terror: Countering Violent Extremism,"University of Maryland, College Park",4.84,25.0,Inglés
595,Magic in the Middle Ages,Universitat de Barcelona,4.54353562005277,379.0,Inglés
596,Challenging Forensic Science: How Science Should Speak to Court,University of Lausanne,4.850746268656716,67.0,Inglés
597,Exploring Renewable Energy Schemes,University of Pennsylvania,4.790322580645161,62.0,Inglés
598,Paleontology: Theropod Dinosaurs and the Origin of Birds,University of Alberta,4.907407407407407,324.0,Inglés
599,Corporate Strategy,UCL School of Management,4.875,144.0,Inglés
600,Getting Started with Essay Writing,"University of California, Irvine",4.673352435530086,698.0,Inglés
601,Actualización en el manejo del paciente con diabetes mellitus tipo 2,Universidad Nacional Autónoma de México,4.845849802371541,253.0,Español
602,Mastering Final Cut Pro,LearnQuest,4.45945945945946,37.0,Inglés
603,Removing Barriers to Change,University of Pennsylvania,5.0,8.0,Inglés
604,Tricky American English Pronunciation,"University of California, Irvine",4.740924092409241,606.0,Inglés
605,Managing an Agile Team,University of Virginia,4.65625,192.0,Inglés
606,International Law in Action: A Guide to the International Courts and Tribunals in The Hague,Universiteit Leiden,4.751412429378531,177.0,Inglés
607,"Competencias Laborales: Perfiles, Evaluación y Capacitación.",Universidad de Chile,4.310344827586207,87.0,Español
608,Getting started with TensorFlow 2,Imperial College London,4.882352941176471,51.0,Inglés
609,Geopolitics of Europe,Sciences Po,3.7349397590361444,83.0,Inglés
610,Osteoarchaeology: The Truth in Our Bones,Universiteit Leiden,4.580645161290323,124.0,Inglés
611,Mathematics for Machine Learning: PCA,Imperial College London,3.4482758620689653,522.0,Inglés
612,Object Oriented Programming in Java,University of California San Diego,4.66890756302521,1190.0,Inglés
613,Embedded Software and Hardware Architecture,University of Colorado Boulder,4.368421052631579,57.0,Inglés
614,Memoir and Personal Essay: Managing Your Relationship with the Reader,Wesleyan University,4.258620689655173,58.0,Inglés
615,Математика и Python для анализа данных,Moscow Institute of Physics and Technology,4.627403846153846,832.0,Ruso
616,Hacia una práctica constructivista en el aula,Pontificia Universidad Católica de Chile,4.905096660808436,569.0,Español
617,Hypothesis-Driven Development,University of Virginia,4.5,106.0,Inglés
618,Accounting Data Analytics with Python,University of Illinois at Urbana-Champaign,3.5,8.0,Inglés
619,Introduction to Molecular Spectroscopy,University of Manchester   ,4.607843137254902,408.0,Inglés
620,Managing as a Coach,"University of California, Davis",4.73404255319149,282.0,Inglés
621,The fundamentals of hotel distribution,ESSEC Business School,,,Inglés
622,A Crash Course in Data Science,Johns Hopkins University,,,Inglés
